Actual,Predicted
37731.0,40817.783270488115
122391.0,123188.08258899229
57081.0,65154.46261459161
63218.0,63282.410357352885
116969.0,115699.87356003735
109431.0,108211.66453108241
112635.0,116635.8996886567
55794.0,64218.43648597225
83088.0,76386.776158024
